Job_Title,Automation_Probability_2030
Retail Worker,0.8347096774193548
Security Guard,0.8330519480519482
Construction Worker,0.8259615384615385
Customer Support,0.8252631578947369
Truck Driver,0.8186274509803921
Graphic Designer,0.529
Software Engineer,0.5086857142857143
Data Scientist,0.4962874251497006
Chef,0.4956737588652482
Marketing Manager,0.49477611940298505
