Habilidade,Correlacao_Exposicao_IA
Skill_1,0.0005070675636830737
Skill_2,0.015080200632369907
Skill_3,-0.010471451355445357
Skill_4,0.029349762762284473
Skill_5,-0.007859855849107804
Skill_6,0.017070457688319152
Skill_7,0.016865169271144682
Skill_8,-0.009689529167043354
Skill_9,0.006829393041423888
Skill_10,0.0009640271716601548
